Workbook

Sheet Dashboard
A1: PREMIER FINISH & CONSTRUCTION · PROJECT MASTER TRACKER
A2: [Building Name / Address]
A4: PROGRESS SUMMARY (units, out of 36)
A5: Phase | B5: Not Started | C5: In Progress | D5: Complete | E5: Deficiency | F5: On Hold
A6: Phase 1 — Doors & Windows | B6: =COUNTIF('Unit Tracker'!AM7:AM42,"Not Started") | C6: =COUNTIF('Unit Tracker'!AM7:AM42,"In Progress") | D6: =COUNTIF('Unit Tracker'!AM7:AM42,"Complete") | E6: =COUNTIF('Unit Tracker'!AM7:AM42,"Deficiency") | F6: =COUNTIF('Unit Tracker'!AM7:AM42,"On Hold")
A7: Phase 2 — Baseboards | B7: =COUNTIF('Unit Tracker'!AN7:AN42,"Not Started") | C7: =COUNTIF('Unit Tracker'!AN7:AN42,"In Progress") | D7: =COUNTIF('Unit Tracker'!AN7:AN42,"Complete") | E7: =COUNTIF('Unit Tracker'!AN7:AN42,"Deficiency") | F7: =COUNTIF('Unit Tracker'!AN7:AN42,"On Hold")
A8: Phase 3 — Hardware | B8: =COUNTIF('Unit Tracker'!AO7:AO42,"Not Started") | C8: =COUNTIF('Unit Tracker'!AO7:AO42,"In Progress") | D8: =COUNTIF('Unit Tracker'!AO7:AO42,"Complete") | E8: =COUNTIF('Unit Tracker'!AO7:AO42,"Deficiency") | F8: =COUNTIF('Unit Tracker'!AO7:AO42,"On Hold")
A9: Other | B9: =COUNTIF('Unit Tracker'!AP7:AP42,"Not Started") | C9: =COUNTIF('Unit Tracker'!AP7:AP42,"In Progress") | D9: =COUNTIF('Unit Tracker'!AP7:AP42,"Complete") | E9: =COUNTIF('Unit Tracker'!AP7:AP42,"Deficiency") | F9: =COUNTIF('Unit Tracker'!AP7:AP42,"On Hold")
A11: UNIT OVERALL STATUS (whole-unit rollup)
A12: Status | B12: Not Started | C12: In Progress | D12: Complete | E12: Deficiency | F12: On Hold
A13: Count | B13: =COUNTIF('Unit Tracker'!AR7:AR42,"Not Started") | C13: =COUNTIF('Unit Tracker'!AR7:AR42,"In Progress") | D13: =COUNTIF('Unit Tracker'!AR7:AR42,"Complete") | E13: =COUNTIF('Unit Tracker'!AR7:AR42,"Deficiency") | F13: =COUNTIF('Unit Tracker'!AR7:AR42,"On Hold")

Sheet Unit Tracker
C1: PREMIER FINISH & CONSTRUCTION · MASTER TRACKER TEMPLATE
C2: [Building Name / Address] · [Total Units]
A4: LOCATION | C4: PHASE 1 · DOORS & WINDOWS | O4: PHASE 2 · BASEBOARDS | S4: PHASE 3 · HARDWARE & ACCESSORIES | AK4: OTHER | AM4: PHASE ROLLUP | AQ4: PROGRESS
C5: INTERIOR DOORS | E5: UNIT DOOR | G5: EXTERIOR DOOR(S) | I5: WINDOWS | K5: ATTIC HATCH | M5: HANDRAIL | O5: CUT | Q5: NAILED | S5: PASSAGE | U5: PRIVACY | W5: DUMMY | Y5: DEADBOLT | AA5: BALL CATCH | AC5: SPRING STOP | AE5: HINGE STOP | AG5: MIRROR | AI5: BATHROOM ACCESSORY | AK5: OTHER (CUSTOM ITEM) | AM5: PHASE 1 | AN5: PHASE 2 | AO5: PHASE 3 | AP5: OTHER | AQ5: DATE | AR5: COMPLETION
A6: Floor | B6: Unit # | C6: Status | D6: Details | E6: Status | F6: Details | G6: Status | H6: Details | I6: Status | J6: Details | K6: Status | L6: Details | M6: Status | N6: Details | O6: Status | P6: Details | Q6: Status | R6: Details | S6: Status | T6: Details | U6: Status | V6: Details | W6: Status | X6: Details | Y6: Status | Z6: Details | AA6: Status | AB6: Details | AC6: Status | AD6: Details | AE6: Status | AF6: Details | AG6: Status | AH6: Details | AI6: Status | AJ6: Details | AK6: Status | AL6: Details | AM6: Status | AN6: Status | AO6: Status | AP6: Status | AQ6: LAST UPDATED | AR6: OVERALL STATUS
A7: 1 | B7: 101 | C7: Not Started | E7: Not Started | G7: Not Started | I7: Not Started | K7: Not Started | M7: Not Started | O7: Not Started | Q7: Not Started | S7: Not Started | U7: Not Started | W7: Not Started | Y7: Not Started | AA7: Not Started | AC7: Not Started | AE7: Not Started | AG7: Not Started | AI7: Not Started | AK7: Not Started | AM7: =IF((COUNTIF(C7,"Deficiency")+COUNTIF(E7,"Deficiency")+COUNTIF(G7,"Deficiency")+COUNTIF(I7,"Deficiency")+COUNTIF(K7,"Deficiency")+COUNTIF(M7,"Deficiency"))>0,"Deficiency",IF((COUNTIF(C7,"On Hold")+COUNTIF(E7,"On Hold")+COUNTIF(G7,"On Hold")+COUNTIF(I7,"On Hold")+COUNTIF(K7,"On Hold")+COUNTIF(M7,"On Hold"))>0,"On Hold",IF((COUNTIF(C7,"In Progress")+COUNTIF(E7,"In Progress")+COUNTIF(G7,"In Progress")+COUNTIF(I7,"In Progress")+COUNTIF(K7,"In Progress")+COUNTIF(M7,"In Progress"))>0,"In Progress",IF((COUNTIF(C7,"Not Started")+COUNTIF(E7,"Not Started")+COUNTIF(G7,"Not Started")+COUNTIF(I7,"Not Started")+COUNTIF(K7,"Not Started")+COUNTIF(M7,"Not Started"))=6,"Not Started","Complete")))) | AN7: =IF((COUNTIF(O7,"Deficiency")+COUNTIF(Q7,"Deficiency"))>0,"Deficiency",IF((COUNTIF(O7,"On Hold")+COUNTIF(Q7,"On Hold"))>0,"On Hold",IF((COUNTIF(O7,"In Progress")+COUNTIF(Q7,"In Progress"))>0,"In Progress",IF((COUNTIF(O7,"Not Started")+COUNTIF(Q7,"Not Started"))=2,"Not Started","Complete")))) | AO7: =IF((COUNTIF(S7,"Deficiency")+COUNTIF(U7,"Deficiency")+COUNTIF(W7,"Deficiency")+COUNTIF(Y7,"Deficiency")+COUNTIF(AA7,"Deficiency")+COUNTIF(AC7,"Deficiency")+COUNTIF(AE7,"Deficiency")+COUNTIF(AG7,"Deficiency")+COUNTIF(AI7,"Deficiency"))>0,"Deficiency",IF((COUNTIF(S7,"On Hold")+COUNTIF(U7,"On Hold")+COUNTIF(W7,"On Hold")+COUNTIF(Y7,"On Hold")+COUNTIF(AA7,"On Hold")+COUNTIF(AC7,"On Hold")+COUNTIF(AE7,"On Hold")+COUNTIF(AG7,"On Hold")+COUNTIF(AI7,"On Hold"))>0,"On Hold",IF((COUNTIF(S7,"In Progress")+COUNTIF(U7,"In Progress")+COUNTIF(W7,"In Progress")+COUNTIF(Y7,"In Progress")+COUNTIF(AA7,"In Progress")+COUNTIF(AC7,"In Progress")+COUNTIF(AE7,"In Progress")+COUNTIF(AG7,"In Progress")+COUNTIF(AI7,"In Progress"))>0,"In Progress",IF((COUNTIF(S7,"Not Started")+COUNTIF(U7,"Not Started")+COUNTIF(W7,"Not Started")+COUNTIF(Y7,"Not Started")+COUNTIF(AA7,"Not Started")+COUNTIF(AC7,"Not Started")+COUNTIF(AE7,"Not Started")+COUNTIF(AG7,"Not Started")+COUNTIF(AI7,"Not Started"))=9,"Not Started","Complete")))) | AP7: =AK7 | AR7: =IF((COUNTIF(AM7,"Deficiency")+COUNTIF(AN7,"Deficiency")+COUNTIF(AO7,"Deficiency")+COUNTIF(AP7,"Deficiency"))>0,"Deficiency",IF((COUNTIF(AM7,"On Hold")+COUNTIF(AN7,"On Hold")+COUNTIF(AO7,"On Hold")+COUNTIF(AP7,"On Hold"))>0,"On Hold",IF((COUNTIF(AM7,"In Progress")+COUNTIF(AN7,"In Progress")+COUNTIF(AO7,"In Progress")+COUNTIF(AP7,"In Progress"))>0,"In Progress",IF((COUNTIF(AM7,"Not Started")+COUNTIF(AN7,"Not Started")+COUNTIF(AO7,"Not Started")+COUNTIF(AP7,"Not Started"))=4,"Not Started","Complete"))))
A8: 1 | B8: 102 | C8: Not Started | E8: Not Started | G8: Not Started | I8: Not Started | K8: Not Started | M8: Not Started | O8: Not Started | Q8: Not Started | S8: Not Started | U8: Not Started | W8: Not Started | Y8: Not Started | AA8: Not Started | AC8: Not Started | AE8: Not Started | AG8: Not Started | AI8: Not Started | AK8: Not Started | AM8: =IF((COUNTIF(C8,"Deficiency")+COUNTIF(E8,"Deficiency")+COUNTIF(G8,"Deficiency")+COUNTIF(I8,"Deficiency")+COUNTIF(K8,"Deficiency")+COUNTIF(M8,"Deficiency"))>0,"Deficiency",IF((COUNTIF(C8,"On Hold")+COUNTIF(E8,"On Hold")+COUNTIF(G8,"On Hold")+COUNTIF(I8,"On Hold")+COUNTIF(K8,"On Hold")+COUNTIF(M8,"On Hold"))>0,"On Hold",IF((COUNTIF(C8,"In Progress")+COUNTIF(E8,"In Progress")+COUNTIF(G8,"In Progress")+COUNTIF(I8,"In Progress")+COUNTIF(K8,"In Progress")+COUNTIF(M8,"In Progress"))>0,"In Progress",IF((COUNTIF(C8,"Not Started")+COUNTIF(E8,"Not Started")+COUNTIF(G8,"Not Started")+COUNTIF(I8,"Not Started")+COUNTIF(K8,"Not Started")+COUNTIF(M8,"Not Started"))=6,"Not Started","Complete")))) | AN8: =IF((COUNTIF(O8,"Deficiency")+COUNTIF(Q8,"Deficiency"))>0,"Deficiency",IF((COUNTIF(O8,"On Hold")+COUNTIF(Q8,"On Hold"))>0,"On Hold",IF((COUNTIF(O8,"In Progress")+COUNTIF(Q8,"In Progress"))>0,"In Progress",IF((COUNTIF(O8,"Not Started")+COUNTIF(Q8,"Not Started"))=2,"Not Started","Complete")))) | AO8: =IF((COUNTIF(S8,"Deficiency")+COUNTIF(U8,"Deficiency")+COUNTIF(W8,"Deficiency")+COUNTIF(Y8,"Deficiency")+COUNTIF(AA8,"Deficiency")+COUNTIF(AC8,"Deficiency")+COUNTIF(AE8,"Deficiency")+COUNTIF(AG8,"Deficiency")+COUNTIF(AI8,"Deficiency"))>0,"Deficiency",IF((COUNTIF(S8,"On Hold")+COUNTIF(U8,"On Hold")+COUNTIF(W8,"On Hold")+COUNTIF(Y8,"On Hold")+COUNTIF(AA8,"On Hold")+COUNTIF(AC8,"On Hold")+COUNTIF(AE8,"On Hold")+COUNTIF(AG8,"On Hold")+COUNTIF(AI8,"On Hold"))>0,"On Hold",IF((COUNTIF(S8,"In Progress")+COUNTIF(U8,"In Progress")+COUNTIF(W8,"In Progress")+COUNTIF(Y8,"In Progress")+COUNTIF(AA8,"In Progress")+COUNTIF(AC8,"In Progress")+COUNTIF(AE8,"In Progress")+COUNTIF(AG8,"In Progress")+COUNTIF(AI8,"In Progress"))>0,"In Progress",IF((COUNTIF(S8,"Not Started")+COUNTIF(U8,"Not Started")+COUNTIF(W8,"Not Started")+COUNTIF(Y8,"Not Started")+COUNTIF(AA8,"Not Started")+COUNTIF(AC8,"Not Started")+COUNTIF(AE8,"Not Started")+COUNTIF(AG8,"Not Started")+COUNTIF(AI8,"Not Started"))=9,"Not Started","Complete")))) | AP8: =AK8 | AR8: =IF((COUNTIF(AM8,"Deficiency")+COUNTIF(AN8,"Deficiency")+COUNTIF(AO8,"Deficiency")+COUNTIF(AP8,"Deficiency"))>0,"Deficiency",IF((COUNTIF(AM8,"On Hold")+COUNTIF(AN8,"On Hold")+COUNTIF(AO8,"On Hold")+COUNTIF(AP8,"On Hold"))>0,"On Hold",IF((COUNTIF(AM8,"In Progress")+COUNTIF(AN8,"In Progress")+COUNTIF(AO8,"In Progress")+COUNTIF(AP8,"In Progress"))>0,"In Progress",IF((COUNTIF(AM8,"Not Started")+COUNTIF(AN8,"Not Started")+COUNTIF(AO8,"Not Started")+COUNTIF(AP8,"Not Started"))=4,"Not Started","Complete"))))
A9: 1 | B9: 103 | C9: Not Started | E9: Not Started | G9: Not Started | I9: Not Started | K9: Not Started | M9: Not Started | O9: Not Started | Q9: Not Started | S9: Not Started | U9: Not Started | W9: Not Started | Y9: Not Started | AA9: Not Started | AC9: Not Started | AE9: Not Started | AG9: Not Started | AI9: Not Started | AK9: Not Started | AM9: =IF((COUNTIF(C9,"Deficiency")+COUNTIF(E9,"Deficiency")+COUNTIF(G9,"Deficiency")+COUNTIF(I9,"Deficiency")+COUNTIF(K9,"Deficiency")+COUNTIF(M9,"Deficiency"))>0,"Deficiency",IF((COUNTIF(C9,"On Hold")+COUNTIF(E9,"On Hold")+COUNTIF(G9,"On Hold")+COUNTIF(I9,"On Hold")+COUNTIF(K9,"On Hold")+COUNTIF(M9,"On Hold"))>0,"On Hold",IF((COUNTIF(C9,"In Progress")+COUNTIF(E9,"In Progress")+COUNTIF(G9,"In Progress")+COUNTIF(I9,"In Progress")+COUNTIF(K9,"In Progress")+COUNTIF(M9,"In Progress"))>0,"In Progress",IF((COUNTIF(C9,"Not Started")+COUNTIF(E9,"Not Started")+COUNTIF(G9,"Not Started")+COUNTIF(I9,"Not Started")+COUNTIF(K9,"Not Started")+COUNTIF(M9,"Not Started"))=6,"Not Started","Complete")))) | AN9: =IF((COUNTIF(O9,"Deficiency")+COUNTIF(Q9,"Deficiency"))>0,"Deficiency",IF((COUNTIF(O9,"On Hold")+COUNTIF(Q9,"On Hold"))>0,"On Hold",IF((COUNTIF(O9,"In Progress")+COUNTIF(Q9,"In Progress"))>0,"In Progress",IF((COUNTIF(O9,"Not Started")+COUNTIF(Q9,"Not Started"))=2,"Not Started","Complete")))) | AO9: =IF((COUNTIF(S9,"Deficiency")+COUNTIF(U9,"Deficiency")+COUNTIF(W9,"Deficiency")+COUNTIF(Y9,"Deficiency")+COUNTIF(AA9,"Deficiency")+COUNTIF(AC9,"Deficiency")+COUNTIF(AE9,"Deficiency")+COUNTIF(AG9,"Deficiency")+COUNTIF(AI9,"Deficiency"))>0,"Deficiency",IF((COUNTIF(S9,"On Hold")+COUNTIF(U9,"On Hold")+COUNTIF(W9,"On Hold")+COUNTIF(Y9,"On Hold")+COUNTIF(AA9,"On Hold")+COUNTIF(AC9,"On Hold")+COUNTIF(AE9,"On Hold")+COUNTIF(AG9,"On Hold")+COUNTIF(AI9,"On Hold"))>0,"On Hold",IF((COUNTIF(S9,"In Progress")+COUNTIF(U9,"In Progress")+COUNTIF(W9,"In Progress")+COUNTIF(Y9,"In Progress")+COUNTIF(AA9,"In Progress")+COUNTIF(AC9,"In Progress")+COUNTIF(AE9,"In Progress")+COUNTIF(AG9,"In Progress")+COUNTIF(AI9,"In Progress"))>0,"In Progress",IF((COUNTIF(S9,"Not Started")+COUNTIF(U9,"Not Started")+COUNTIF(W9,"Not Started")+COUNTIF(Y9,"Not Started")+COUNTIF(AA9,"Not Started")+COUNTIF(AC9,"Not Started")+COUNTIF(AE9,"Not Started")+COUNTIF(AG9,"Not Started")+COUNTIF(AI9,"Not Started"))=9,"Not Started","Complete")))) | AP9: =AK9 | AR9: =IF((COUNTIF(AM9,"Deficiency")+COUNTIF(AN9,"Deficiency")+COUNTIF(AO9,"Deficiency")+COUNTIF(AP9,"Deficiency"))>0,"Deficiency",IF((COUNTIF(AM9,"On Hold")+COUNTIF(AN9,"On Hold")+COUNTIF(AO9,"On Hold")+COUNTIF(AP9,"On Hold"))>0,"On Hold",IF((COUNTIF(AM9,"In Progress")+COUNTIF(AN9,"In Progress")+COUNTIF(AO9,"In Progress")+COUNTIF(AP9,"In Progress"))>0,"In Progress",IF((COUNTIF(AM9,"Not Started")+COUNTIF(AN9,"Not Started")+COUNTIF(AO9,"Not Started")+COUNTIF(AP9,"Not Started"))=4,"Not Started","Complete"))))
A10: 1 | B10: 104 | C10: Not Started | E10: Not Started | G10: Not Started | I10: Not Started | K10: Not Started | M10: Not Started | O10: Not Started | Q10: Not Started | S10: Not Started | U10: Not Started | W10: Not Started | Y10: Not Started | AA10: Not Started | AC10: Not Started | AE10: Not Started | AG10: Not Started | AI10: Not Started | AK10: Not Started | AM10: =IF((COUNTIF(C10,"Deficiency")+COUNTIF(E10,"Deficiency")+COUNTIF(G10,"Deficiency")+COUNTIF(I10,"Deficiency")+COUNTIF(K10,"Deficiency")+COUNTIF(M10,"Deficiency"))>0,"Deficiency",IF((COUNTIF(C10,"On Hold")+COUNTIF(E10,"On Hold")+COUNTIF(G10,"On Hold")+COUNTIF(I10,"On Hold")+COUNTIF(K10,"On Hold")+COUNTIF(M10,"On Hold"))>0,"On Hold",IF((COUNTIF(C10,"In Progress")+COUNTIF(E10,"In Progress")+COUNTIF(G10,"In Progress")+COUNTIF(I10,"In Progress")+COUNTIF(K10,"In Progress")+COUNTIF(M10,"In Progress"))>0,"In Progress",IF((COUNTIF(C10,"Not Started")+COUNTIF(E10,"Not Started")+COUNTIF(G10,"Not Started")+COUNTIF(I10,"Not Started")+COUNTIF(K10,"Not Started")+COUNTIF(M10,"Not Started"))=6,"Not Started","Complete")))) | AN10: =IF((COUNTIF(O10,"Deficiency")+COUNTIF(Q10,"Deficiency"))>0,"Deficiency",IF((COUNTIF(O10,"On Hold")+COUNTIF(Q10,"On Hold"))>0,"On Hold",IF((COUNTIF(O10,"In Progress")+COUNTIF(Q10,"In Progress"))>0,"In Progress",IF((COUNTIF(O10,"Not Started")+COUNTIF(Q10,"Not Started"))=2,"Not Started","Complete")))) | AO10: =IF((COUNTIF(S10,"Deficiency")+COUNTIF(U10,"Deficiency")+COUNTIF(W10,"Deficiency")+COUNTIF(Y10,"Deficiency")+COUNTIF(AA10,"Deficiency")+COUNTIF(AC10,"Deficiency")+COUNTIF(AE10,"Deficiency")+COUNTIF(AG10,"Deficiency")+COUNTIF(AI10,"Deficiency"))>0,"Deficiency",IF((COUNTIF(S10,"On Hold")+COUNTIF(U10,"On Hold")+COUNTIF(W10,"On Hold")+COUNTIF(Y10,"On Hold")+COUNTIF(AA10,"On Hold")+COUNTIF(AC10,"On Hold")+COUNTIF(AE10,"On Hold")+COUNTIF(AG10,"On Hold")+COUNTIF(AI10,"On Hold"))>0,"On Hold",IF((COUNTIF(S10,"In Progress")+COUNTIF(U10,"In Progress")+COUNTIF(W10,"In Progress")+COUNTIF(Y10,"In Progress")+COUNTIF(AA10,"In Progress")+COUNTIF(AC10,"In Progress")+COUNTIF(AE10,"In Progress")+COUNTIF(AG10,"In Progress")+COUNTIF(AI10,"In Progress"))>0,"In Progress",IF((COUNTIF(S10,"Not Started")+COUNTIF(U10,"Not Started")+COUNTIF(W10,"Not Started")+COUNTIF(Y10,"Not Started")+COUNTIF(AA10,"Not Started")+COUNTIF(AC10,"Not Started")+COUNTIF(AE10,"Not Started")+COUNTIF(AG10,"Not Started")+COUNTIF(AI10,"Not Started"))=9,"Not Started","Complete")))) | AP10: =AK10 | AR10: =IF((COUNTIF(AM10,"Deficiency")+COUNTIF(AN10,"Deficiency")+COUNTIF(AO10,"Deficiency")+COUNTIF(AP10,"Deficiency"))>0,"Deficiency",IF((COUNTIF(AM10,"On Hold")+COUNTIF(AN10,"On Hold")+COUNTIF(AO10,"On Hold")+COUNTIF(AP10,"On Hold"))>0,"On Hold",IF((COUNTIF(AM10,"In Progress")+COUNTIF(AN10,"In Progress")+COUNTIF(AO10,"In Progress")+COUNTIF(AP10,"In Progress"))>0,"In Progress",IF((COUNTIF(AM10,"Not Started")+COUNTIF(AN10,"Not Started")+COUNTIF(AO10,"Not Started")+COUNTIF(AP10,"Not Started"))=4,"Not Started","Complete"))))
A11: 1 | B11: 105 | C11: Not Started | E11: Not Started | G11: Not Started | I11: Not Started | K11: Not Started | M11: Not Started | O11: Not Started | Q11: Not Started | S11: Not Started | U11: Not Started | W11: Not Started | Y11: Not Started | AA11: Not Started | AC11: Not Started | AE11: Not Started | AG11: Not Started | AI11: Not Started | AK11: Not Started | AM11: =IF((COUNTIF(C11,"Deficiency")+COUNTIF(E11,"Deficiency")+COUNTIF(G11,"Deficiency")+COUNTIF(I11,"Deficiency")+COUNTIF(K11,"Deficiency")+COUNTIF(M11,"Deficiency"))>0,"Deficiency",IF((COUNTIF(C11,"On Hold")+COUNTIF(E11,"On Hold")+COUNTIF(G11,"On Hold")+COUNTIF(I11,"On Hold")+COUNTIF(K11,"On Hold")+COUNTIF(M11,"On Hold"))>0,"On Hold",IF((COUNTIF(C11,"In Progress")+COUNTIF(E11,"In Progress")+COUNTIF(G11,"In Progress")+COUNTIF(I11,"In Progress")+COUNTIF(K11,"In Progress")+COUNTIF(M11,"In Progress"))>0,"In Progress",IF((COUNTIF(C11,"Not Started")+COUNTIF(E11,"Not Started")+COUNTIF(G11,"Not Started")+COUNTIF(I11,"Not Started")+COUNTIF(K11,"Not Started")+COUNTIF(M11,"Not Started"))=6,"Not Started","Complete")))) | AN11: =IF((COUNTIF(O11,"Deficiency")+COUNTIF(Q11,"Deficiency"))>0,"Deficiency",IF((COUNTIF(O11,"On Hold")+COUNTIF(Q11,"On Hold"))>0,"On Hold",IF((COUNTIF(O11,"In Progress")+COUNTIF(Q11,"In Progress"))>0,"In Progress",IF((COUNTIF(O11,"Not Started")+COUNTIF(Q11,"Not Started"))=2,"Not Started","Complete")))) | AO11: =IF((COUNTIF(S11,"Deficiency")+COUNTIF(U11,"Deficiency")+COUNTIF(W11,"Deficiency")+COUNTIF(Y11,"Deficiency")+COUNTIF(AA11,"Deficiency")+COUNTIF(AC11,"Deficiency")+COUNTIF(AE11,"Deficiency")+COUNTIF(AG11,"Deficiency")+COUNTIF(AI11,"Deficiency"))>0,"Deficiency",IF((COUNTIF(S11,"On Hold")+COUNTIF(U11,"On Hold")+COUNTIF(W11,"On Hold")+COUNTIF(Y11,"On Hold")+COUNTIF(AA11,"On Hold")+COUNTIF(AC11,"On Hold")+COUNTIF(AE11,"On Hold")+COUNTIF(AG11,"On Hold")+COUNTIF(AI11,"On Hold"))>0,"On Hold",IF((COUNTIF(S11,"In Progress")+COUNTIF(U11,"In Progress")+COUNTIF(W11,"In Progress")+COUNTIF(Y11,"In Progress")+COUNTIF(AA11,"In Progress")+COUNTIF(AC11,"In Progress")+COUNTIF(AE11,"In Progress")+COUNTIF(AG11,"In Progress")+COUNTIF(AI11,"In Progress"))>0,"In Progress",IF((COUNTIF(S11,"Not Started")+COUNTIF(U11,"Not Started")+COUNTIF(W11,"Not Started")+COUNTIF(Y11,"Not Started")+COUNTIF(AA11,"Not Started")+COUNTIF(AC11,"Not Started")+COUNTIF(AE11,"Not Started")+COUNTIF(AG11,"Not Started")+COUNTIF(AI11,"Not Started"))=9,"Not Started","Complete")))) | AP11: =AK11 | AR11: =IF((COUNTIF(AM11,"Deficiency")+COUNTIF(AN11,"Deficiency")+COUNTIF(AO11,"Deficiency")+COUNTIF(AP11,"Deficiency"))>0,"Deficiency",IF((COUNTIF(AM11,"On Hold")+COUNTIF(AN11,"On Hold")+COUNTIF(AO11,"On Hold")+COUNTIF(AP11,"On Hold"))>0,"On Hold",IF((COUNTIF(AM11,"In Progress")+COUNTIF(AN11,"In Progress")+COUNTIF(AO11,"In Progress")+COUNTIF(AP11,"In Progress"))>0,"In Progress",IF((COUNTIF(AM11,"Not Started")+COUNTIF(AN11,"Not Started")+COUNTIF(AO11,"Not Started")+COUNTIF(AP11,"Not Started"))=4,"Not Started","Complete"))))
A12: 1 | B12: 106 | C12: Not Started | E12: Not Started | G12: Not Started | I12: Not Started | K12: Not Started | M12: Not Started | O12: Not Started | Q12: Not Started | S12: Not Started | U12: Not Started | W12: Not Started | Y12: Not Started | AA12: Not Started | AC12: Not Started | AE12: Not Started | AG12: Not Started | AI12: Not Started | AK12: Not Started | AM12: =IF((COUNTIF(C12,"Deficiency")+COUNTIF(E12,"Deficiency")+COUNTIF(G12,"Deficiency")+COUNTIF(I12,"Deficiency")+COUNTIF(K12,"Deficiency")+COUNTIF(M12,"Deficiency"))>0,"Deficiency",IF((COUNTIF(C12,"On Hold")+COUNTIF(E12,"On Hold")+COUNTIF(G12,"On Hold")+COUNTIF(I12,"On Hold")+COUNTIF(K12,"On Hold")+COUNTIF(M12,"On Hold"))>0,"On Hold",IF((COUNTIF(C12,"In Progress")+COUNTIF(E12,"In Progress")+COUNTIF(G12,"In Progress")+COUNTIF(I12,"In Progress")+COUNTIF(K12,"In Progress")+COUNTIF(M12,"In Progress"))>0,"In Progress",IF((COUNTIF(C12,"Not Started")+COUNTIF(E12,"Not Started")+COUNTIF(G12,"Not Started")+COUNTIF(I12,"Not Started")+COUNTIF(K12,"Not Started")+COUNTIF(M12,"Not Started"))=6,"Not Started","Complete")))) | AN12: =IF((COUNTIF(O12,"Deficiency")+COUNTIF(Q12,"Deficiency"))>0,"Deficiency",IF((COUNTIF(O12,"On Hold")+COUNTIF(Q12,"On Hold"))>0,"On Hold",IF((COUNTIF(O12,"In Progress")+COUNTIF(Q12,"In Progress"))>0,"In Progress",IF((COUNTIF(O12,"Not Started")+COUNTIF(Q12,"Not Started"))=2,"Not Started","Complete")))) | AO12: =IF((COUNTIF(S12,"Deficiency")+COUNTIF(U12,"Deficiency")+COUNTIF(W12,"Deficiency")+COUNTIF(Y12,"Deficiency")+COUNTIF(AA12,"Deficiency")+COUNTIF(AC12,"Deficiency")+COUNTIF(AE12,"Deficiency")+COUNTIF(AG12,"Deficiency")+COUNTIF(AI12,"Deficiency"))>0,"Deficiency",IF((COUNTIF(S12,"On Hold")+COUNTIF(U12,"On Hold")+COUNTIF(W12,"On Hold")+COUNTIF(Y12,"On Hold")+COUNTIF(AA12,"On Hold")+COUNTIF(AC12,"On Hold")+COUNTIF(AE12,"On Hold")+COUNTIF(AG12,"On Hold")+COUNTIF(AI12,"On Hold"))>0,"On Hold",IF((COUNTIF(S12,"In Progress")+COUNTIF(U12,"In Progress")+COUNTIF(W12,"In Progress")+COUNTIF(Y12,"In Progress")+COUNTIF(AA12,"In Progress")+COUNTIF(AC12,"In Progress")+COUNTIF(AE12,"In Progress")+COUNTIF(AG12,"In Progress")+COUNTIF(AI12,"In Progress"))>0,"In Progress",IF((COUNTIF(S12,"Not Started")+COUNTIF(U12,"Not Started")+COUNTIF(W12,"Not Started")+COUNTIF(Y12,"Not Started")+COUNTIF(AA12,"Not Started")+COUNTIF(AC12,"Not Started")+COUNTIF(AE12,"Not Started")+COUNTIF(AG12,"Not Started")+COUNTIF(AI12,"Not Started"))=9,"Not Started","Complete")))) | AP12: =AK12 | AR12: =IF((COUNTIF(AM12,"Deficiency")+COUNTIF(AN12,"Deficiency")+COUNTIF(AO12,"Deficiency")+COUNTIF(AP12,"Deficiency"))>0,"Deficiency",IF((COUNTIF(AM12,"On Hold")+COUNTIF(AN12,"On Hold")+COUNTIF(AO12,"On Hold")+COUNTIF(AP12,"On Hold"))>0,"On Hold",IF((COUNTIF(AM12,"In Progress")+COUNTIF(AN12,"In Progress")+COUNTIF(AO12,"In Progress")+COUNTIF(AP12,"In Progress"))>0,"In Progress",IF((COUNTIF(AM12,"Not Started")+COUNTIF(AN12,"Not Started")+COUNTIF(AO12,"Not Started")+COUNTIF(AP12,"Not Started"))=4,"Not Started","Complete"))))
A13: 1 | B13: 107 | C13: Not Started | E13: Not Started | G13: Not Started | I13: Not Started | K13: Not Started | M13: Not Started | O13: Not Started | Q13: Not Started | S13: Not Started | U13: Not Started | W13: Not Started | Y13: Not Started | AA13: Not Started | AC13: Not Started | AE13: Not Started | AG13: Not Started | AI13: Not Started | AK13: Not Started | AM13: =IF((COUNTIF(C13,"Deficiency")+COUNTIF(E13,"Deficiency")+COUNTIF(G13,"Deficiency")+COUNTIF(I13,"Deficiency")+COUNTIF(K13,"Deficiency")+COUNTIF(M13,"Deficiency"))>0,"Deficiency",IF((COUNTIF(C13,"On Hold")+COUNTIF(E13,"On Hold")+COUNTIF(G13,"On Hold")+COUNTIF(I13,"On Hold")+COUNTIF(K13,"On Hold")+COUNTIF(M13,"On Hold"))>0,"On Hold",IF((COUNTIF(C13,"In Progress")+COUNTIF(E13,"In Progress")+COUNTIF(G13,"In Progress")+COUNTIF(I13,"In Progress")+COUNTIF(K13,"In Progress")+COUNTIF(M13,"In Progress"))>0,"In Progress",IF((COUNTIF(C13,"Not Started")+COUNTIF(E13,"Not Started")+COUNTIF(G13,"Not Started")+COUNTIF(I13,"Not Started")+COUNTIF(K13,"Not Started")+COUNTIF(M13,"Not Started"))=6,"Not Started","Complete")))) | AN13: =IF((COUNTIF(O13,"Deficiency")+COUNTIF(Q13,"Deficiency"))>0,"Deficiency",IF((COUNTIF(O13,"On Hold")+COUNTIF(Q13,"On Hold"))>0,"On Hold",IF((COUNTIF(O13,"In Progress")+COUNTIF(Q13,"In Progress"))>0,"In Progress",IF((COUNTIF(O13,"Not Started")+COUNTIF(Q13,"Not Started"))=2,"Not Started","Complete")))) | AO13: =IF((COUNTIF(S13,"Deficiency")+COUNTIF(U13,"Deficiency")+COUNTIF(W13,"Deficiency")+COUNTIF(Y13,"Deficiency")+COUNTIF(AA13,"Deficiency")+COUNTIF(AC13,"Deficiency")+COUNTIF(AE13,"Deficiency")+COUNTIF(AG13,"Deficiency")+COUNTIF(AI13,"Deficiency"))>0,"Deficiency",IF((COUNTIF(S13,"On Hold")+COUNTIF(U13,"On Hold")+COUNTIF(W13,"On Hold")+COUNTIF(Y13,"On Hold")+COUNTIF(AA13,"On Hold")+COUNTIF(AC13,"On Hold")+COUNTIF(AE13,"On Hold")+COUNTIF(AG13,"On Hold")+COUNTIF(AI13,"On Hold"))>0,"On Hold",IF((COUNTIF(S13,"In Progress")+COUNTIF(U13,"In Progress")+COUNTIF(W13,"In Progress")+COUNTIF(Y13,"In Progress")+COUNTIF(AA13,"In Progress")+COUNTIF(AC13,"In Progress")+COUNTIF(AE13,"In Progress")+COUNTIF(AG13,"In Progress")+COUNTIF(AI13,"In Progress"))>0,"In Progress",IF((COUNTIF(S13,"Not Started")+COUNTIF(U13,"Not Started")+COUNTIF(W13,"Not Started")+COUNTIF(Y13,"Not Started")+COUNTIF(AA13,"Not Started")+COUNTIF(AC13,"Not Started")+COUNTIF(AE13,"Not Started")+COUNTIF(AG13,"Not Started")+COUNTIF(AI13,"Not Started"))=9,"Not Started","Complete")))) | AP13: =AK13 | AR13: =IF((COUNTIF(AM13,"Deficiency")+COUNTIF(AN13,"Deficiency")+COUNTIF(AO13,"Deficiency")+COUNTIF(AP13,"Deficiency"))>0,"Deficiency",IF((COUNTIF(AM13,"On Hold")+COUNTIF(AN13,"On Hold")+COUNTIF(AO13,"On Hold")+COUNTIF(AP13,"On Hold"))>0,"On Hold",IF((COUNTIF(AM13,"In Progress")+COUNTIF(AN13,"In Progress")+COUNTIF(AO13,"In Progress")+COUNTIF(AP13,"In Progress"))>0,"In Progress",IF((COUNTIF(AM13,"Not Started")+COUNTIF(AN13,"Not Started")+COUNTIF(AO13,"Not Started")+COUNTIF(AP13,"Not Started"))=4,"Not Started","Complete"))))
A14: 1 | B14: 108 | C14: Not Started | E14: Not Started | G14: Not Started | I14: Not Started | K14: Not Started | M14: Not Started | O14: Not Started | Q14: Not Started | S14: Not Started | U14: Not Started | W14: Not Started | Y14: Not Started | AA14: Not Started | AC14: Not Started | AE14: Not Started | AG14: Not Started | AI14: Not Started | AK14: Not Started | AM14: =IF((COUNTIF(C14,"Deficiency")+COUNTIF(E14,"Deficiency")+COUNTIF(G14,"Deficiency")+COUNTIF(I14,"Deficiency")+COUNTIF(K14,"Deficiency")+COUNTIF(M14,"Deficiency"))>0,"Deficiency",IF((COUNTIF(C14,"On Hold")+COUNTIF(E14,"On Hold")+COUNTIF(G14,"On Hold")+COUNTIF(I14,"On Hold")+COUNTIF(K14,"On Hold")+COUNTIF(M14,"On Hold"))>0,"On Hold",IF((COUNTIF(C14,"In Progress")+COUNTIF(E14,"In Progress")+COUNTIF(G14,"In Progress")+COUNTIF(I14,"In Progress")+COUNTIF(K14,"In Progress")+COUNTIF(M14,"In Progress"))>0,"In Progress",IF((COUNTIF(C14,"Not Started")+COUNTIF(E14,"Not Started")+COUNTIF(G14,"Not Started")+COUNTIF(I14,"Not Started")+COUNTIF(K14,"Not Started")+COUNTIF(M14,"Not Started"))=6,"Not Started","Complete")))) | AN14: =IF((COUNTIF(O14,"Deficiency")+COUNTIF(Q14,"Deficiency"))>0,"Deficiency",IF((COUNTIF(O14,"On Hold")+COUNTIF(Q14,"On Hold"))>0,"On Hold",IF((COUNTIF(O14,"In Progress")+COUNTIF(Q14,"In Progress"))>0,"In Progress",IF((COUNTIF(O14,"Not Started")+COUNTIF(Q14,"Not Started"))=2,"Not Started","Complete")))) | AO14: =IF((COUNTIF(S14,"Deficiency")+COUNTIF(U14,"Deficiency")+COUNTIF(W14,"Deficiency")+COUNTIF(Y14,"Deficiency")+COUNTIF(AA14,"Deficiency")+COUNTIF(AC14,"Deficiency")+COUNTIF(AE14,"Deficiency")+COUNTIF(AG14,"Deficiency")+COUNTIF(AI14,"Deficiency"))>0,"Deficiency",IF((COUNTIF(S14,"On Hold")+COUNTIF(U14,"On Hold")+COUNTIF(W14,"On Hold")+COUNTIF(Y14,"On Hold")+COUNTIF(AA14,"On Hold")+COUNTIF(AC14,"On Hold")+COUNTIF(AE14,"On Hold")+COUNTIF(AG14,"On Hold")+COUNTIF(AI14,"On Hold"))>0,"On Hold",IF((COUNTIF(S14,"In Progress")+COUNTIF(U14,"In Progress")+COUNTIF(W14,"In Progress")+COUNTIF(Y14,"In Progress")+COUNTIF(AA14,"In Progress")+COUNTIF(AC14,"In Progress")+COUNTIF(AE14,"In Progress")+COUNTIF(AG14,"In Progress")+COUNTIF(AI14,"In Progress"))>0,"In Progress",IF((COUNTIF(S14,"Not Started")+COUNTIF(U14,"Not Started")+COUNTIF(W14,"Not Started")+COUNTIF(Y14,"Not Started")+COUNTIF(AA14,"Not Started")+COUNTIF(AC14,"Not Started")+COUNTIF(AE14,"Not Started")+COUNTIF(AG14,"Not Started")+COUNTIF(AI14,"Not Started"))=9,"Not Started","Complete")))) | AP14: =AK14 | AR14: =IF((COUNTIF(AM14,"Deficiency")+COUNTIF(AN14,"Deficiency")+COUNTIF(AO14,"Deficiency")+COUNTIF(AP14,"Deficiency"))>0,"Deficiency",IF((COUNTIF(AM14,"On Hold")+COUNTIF(AN14,"On Hold")+COUNTIF(AO14,"On Hold")+COUNTIF(AP14,"On Hold"))>0,"On Hold",IF((COUNTIF(AM14,"In Progress")+COUNTIF(AN14,"In Progress")+COUNTIF(AO14,"In Progress")+COUNTIF(AP14,"In Progress"))>0,"In Progress",IF((COUNTIF(AM14,"Not Started")+COUNTIF(AN14,"Not Started")+COUNTIF(AO14,"Not Started")+COUNTIF(AP14,"Not Started"))=4,"Not Started","Complete"))))
A15: 1 | B15: 109 | C15: Not Started | E15: Not Started | G15: Not Started | I15: Not Started | K15: Not Started | M15: Not Started | O15: Not Started | Q15: Not Started | S15: Not Started | U15: Not Started | W15: Not Started | Y15: Not Started | AA15: Not Started | AC15: Not Started | AE15: Not Started | AG15: Not Started | AI15: Not Started | AK15: Not Started | AM15: =IF((COUNTIF(C15,"Deficiency")+COUNTIF(E15,"Deficiency")+COUNTIF(G15,"Deficiency")+COUNTIF(I15,"Deficiency")+COUNTIF(K15,"Deficiency")+COUNTIF(M15,"Deficiency"))>0,"Deficiency",IF((COUNTIF(C15,"On Hold")+COUNTIF(E15,"On Hold")+COUNTIF(G15,"On Hold")+COUNTIF(I15,"On Hold")+COUNTIF(K15,"On Hold")+COUNTIF(M15,"On Hold"))>0,"On Hold",IF((COUNTIF(C15,"In Progress")+COUNTIF(E15,"In Progress")+COUNTIF(G15,"In Progress")+COUNTIF(I15,"In Progress")+COUNTIF(K15,"In Progress")+COUNTIF(M15,"In Progress"))>0,"In Progress",IF((COUNTIF(C15,"Not Started")+COUNTIF(E15,"Not Started")+COUNTIF(G15,"Not Started")+COUNTIF(I15,"Not Started")+COUNTIF(K15,"Not Started")+COUNTIF(M15,"Not Started"))=6,"Not Started","Complete")))) | AN15: =IF((COUNTIF(O15,"Deficiency")+COUNTIF(Q15,"Deficiency"))>0,"Deficiency",IF((COUNTIF(O15,"On Hold")+COUNTIF(Q15,"On Hold"))>0,"On Hold",IF((COUNTIF(O15,"In Progress")+COUNTIF(Q15,"In Progress"))>0,"In Progress",IF((COUNTIF(O15,"Not Started")+COUNTIF(Q15,"Not Started"))=2,"Not Started","Complete")))) | AO15: =IF((COUNTIF(S15,"Deficiency")+COUNTIF(U15,"Deficiency")+COUNTIF(W15,"Deficiency")+COUNTIF(Y15,"Deficiency")+COUNTIF(AA15,"Deficiency")+COUNTIF(AC15,"Deficiency")+COUNTIF(AE15,"Deficiency")+COUNTIF(AG15,"Deficiency")+COUNTIF(AI15,"Deficiency"))>0,"Deficiency",IF((COUNTIF(S15,"On Hold")+COUNTIF(U15,"On Hold")+COUNTIF(W15,"On Hold")+COUNTIF(Y15,"On Hold")+COUNTIF(AA15,"On Hold")+COUNTIF(AC15,"On Hold")+COUNTIF(AE15,"On Hold")+COUNTIF(AG15,"On Hold")+COUNTIF(AI15,"On Hold"))>0,"On Hold",IF((COUNTIF(S15,"In Progress")+COUNTIF(U15,"In Progress")+COUNTIF(W15,"In Progress")+COUNTIF(Y15,"In Progress")+COUNTIF(AA15,"In Progress")+COUNTIF(AC15,"In Progress")+COUNTIF(AE15,"In Progress")+COUNTIF(AG15,"In Progress")+COUNTIF(AI15,"In Progress"))>0,"In Progress",IF((COUNTIF(S15,"Not Started")+COUNTIF(U15,"Not Started")+COUNTIF(W15,"Not Started")+COUNTIF(Y15,"Not Started")+COUNTIF(AA15,"Not Started")+COUNTIF(AC15,"Not Started")+COUNTIF(AE15,"Not Started")+COUNTIF(AG15,"Not Started")+COUNTIF(AI15,"Not Started"))=9,"Not Started","Complete")))) | AP15: =AK15 | AR15: =IF((COUNTIF(AM15,"Deficiency")+COUNTIF(AN15,"Deficiency")+COUNTIF(AO15,"Deficiency")+COUNTIF(AP15,"Deficiency"))>0,"Deficiency",IF((COUNTIF(AM15,"On Hold")+COUNTIF(AN15,"On Hold")+COUNTIF(AO15,"On Hold")+COUNTIF(AP15,"On Hold"))>0,"On Hold",IF((COUNTIF(AM15,"In Progress")+COUNTIF(AN15,"In Progress")+COUNTIF(AO15,"In Progress")+COUNTIF(AP15,"In Progress"))>0,"In Progress",IF((COUNTIF(AM15,"Not Started")+COUNTIF(AN15,"Not Started")+COUNTIF(AO15,"Not Started")+COUNTIF(AP15,"Not Started"))=4,"Not Started","Complete"))))
A16: 1 | B16: 110 | C16: Not Started | E16: Not Started | G16: Not Started | I16: Not Started | K16: Not Started | M16: Not Started | O16: Not Started | Q16: Not Started | S16: Not Started | U16: Not Started | W16: Not Started | Y16: Not Started | AA16: Not Started | AC16: Not Started | AE16: Not Started | AG16: Not Started | AI16: Not Started | AK16: Not Started | AM16: =IF((COUNTIF(C16,"Deficiency")+COUNTIF(E16,"Deficiency")+COUNTIF(G16,"Deficiency")+COUNTIF(I16,"Deficiency")+COUNTIF(K16,"Deficiency")+COUNTIF(M16,"Deficiency"))>0,"Deficiency",IF((COUNTIF(C16,"On Hold")+COUNTIF(E16,"On Hold")+COUNTIF(G16,"On Hold")+COUNTIF(I16,"On Hold")+COUNTIF(K16,"On Hold")+COUNTIF(M16,"On Hold"))>0,"On Hold",IF((COUNTIF(C16,"In Progress")+COUNTIF(E16,"In Progress")+COUNTIF(G16,"In Progress")+COUNTIF(I16,"In Progress")+COUNTIF(K16,"In Progress")+COUNTIF(M16,"In Progress"))>0,"In Progress",IF((COUNTIF(C16,"Not Started")+COUNTIF(E16,"Not Started")+COUNTIF(G16,"Not Started")+COUNTIF(I16,"Not Started")+COUNTIF(K16,"Not Started")+COUNTIF(M16,"Not Started"))=6,"Not Started","Complete")))) | AN16: =IF((COUNTIF(O16,"Deficiency")+COUNTIF(Q16,"Deficiency"))>0,"Deficiency",IF((COUNTIF(O16,"On Hold")+COUNTIF(Q16,"On Hold"))>0,"On Hold",IF((COUNTIF(O16,"In Progress")+COUNTIF(Q16,"In Progress"))>0,"In Progress",IF((COUNTIF(O16,"Not Started")+COUNTIF(Q16,"Not Started"))=2,"Not Started","Complete")))) | AO16: =IF((COUNTIF(S16,"Deficiency")+COUNTIF(U16,"Deficiency")+COUNTIF(W16,"Deficiency")+COUNTIF(Y16,"Deficiency")+COUNTIF(AA16,"Deficiency")+COUNTIF(AC16,"Deficiency")+COUNTIF(AE16,"Deficiency")+COUNTIF(AG16,"Deficiency")+COUNTIF(AI16,"Deficiency"))>0,"Deficiency",IF((COUNTIF(S16,"On Hold")+COUNTIF(U16,"On Hold")+COUNTIF(W16,"On Hold")+COUNTIF(Y16,"On Hold")+COUNTIF(AA16,"On Hold")+COUNTIF(AC16,"On Hold")+COUNTIF(AE16,"On Hold")+COUNTIF(AG16,"On Hold")+COUNTIF(AI16,"On Hold"))>0,"On Hold",IF((COUNTIF(S16,"In Progress")+COUNTIF(U16,"In Progress")+COUNTIF(W16,"In Progress")+COUNTIF(Y16,"In Progress")+COUNTIF(AA16,"In Progress")+COUNTIF(AC16,"In Progress")+COUNTIF(AE16,"In Progress")+COUNTIF(AG16,"In Progress")+COUNTIF(AI16,"In Progress"))>0,"In Progress",IF((COUNTIF(S16,"Not Started")+COUNTIF(U16,"Not Started")+COUNTIF(W16,"Not Started")+COUNTIF(Y16,"Not Started")+COUNTIF(AA16,"Not Started")+COUNTIF(AC16,"Not Started")+COUNTIF(AE16,"Not Started")+COUNTIF(AG16,"Not Started")+COUNTIF(AI16,"Not Started"))=9,"Not Started","Complete")))) | AP16: =AK16 | AR16: =IF((COUNTIF(AM16,"Deficiency")+COUNTIF(AN16,"Deficiency")+COUNTIF(AO16,"Deficiency")+COUNTIF(AP16,"Deficiency"))>0,"Deficiency",IF((COUNTIF(AM16,"On Hold")+COUNTIF(AN16,"On Hold")+COUNTIF(AO16,"On Hold")+COUNTIF(AP16,"On Hold"))>0,"On Hold",IF((COUNTIF(AM16,"In Progress")+COUNTIF(AN16,"In Progress")+COUNTIF(AO16,"In Progress")+COUNTIF(AP16,"In Progress"))>0,"In Progress",IF((COUNTIF(AM16,"Not Started")+COUNTIF(AN16,"Not Started")+COUNTIF(AO16,"Not Started")+COUNTIF(AP16,"Not Started"))=4,"Not Started","Complete"))))
A17: 1 | B17: 111 | C17: Not Started | E17: Not Started | G17: Not Started | I17: Not Started | K17: Not Started | M17: Not Started | O17: Not Started | Q17: Not Started | S17: Not Started | U17: Not Started | W17: Not Started | Y17: Not Started | AA17: Not Started | AC17: Not Started | AE17: Not Started | AG17: Not Started | AI17: Not Started | AK17: Not Started | AM17: =IF((COUNTIF(C17,"Deficiency")+COUNTIF(E17,"Deficiency")+COUNTIF(G17,"Deficiency")+COUNTIF(I17,"Deficiency")+COUNTIF(K17,"Deficiency")+COUNTIF(M17,"Deficiency"))>0,"Deficiency",IF((COUNTIF(C17,"On Hold")+COUNTIF(E17,"On Hold")+COUNTIF(G17,"On Hold")+COUNTIF(I17,"On Hold")+COUNTIF(K17,"On Hold")+COUNTIF(M17,"On Hold"))>0,"On Hold",IF((COUNTIF(C17,"In Progress")+COUNTIF(E17,"In Progress")+COUNTIF(G17,"In Progress")+COUNTIF(I17,"In Progress")+COUNTIF(K17,"In Progress")+COUNTIF(M17,"In Progress"))>0,"In Progress",IF((COUNTIF(C17,"Not Started")+COUNTIF(E17,"Not Started")+COUNTIF(G17,"Not Started")+COUNTIF(I17,"Not Started")+COUNTIF(K17,"Not Started")+COUNTIF(M17,"Not Started"))=6,"Not Started","Complete")))) | AN17: =IF((COUNTIF(O17,"Deficiency")+COUNTIF(Q17,"Deficiency"))>0,"Deficiency",IF((COUNTIF(O17,"On Hold")+COUNTIF(Q17,"On Hold"))>0,"On Hold",IF((COUNTIF(O17,"In Progress")+COUNTIF(Q17,"In Progress"))>0,"In Progress",IF((COUNTIF(O17,"Not Started")+COUNTIF(Q17,"Not Started"))=2,"Not Started","Complete")))) | AO17: =IF((COUNTIF(S17,"Deficiency")+COUNTIF(U17,"Deficiency")+COUNTIF(W17,"Deficiency")+COUNTIF(Y17,"Deficiency")+COUNTIF(AA17,"Deficiency")+COUNTIF(AC17,"Deficiency")+COUNTIF(AE17,"Deficiency")+COUNTIF(AG17,"Deficiency")+COUNTIF(AI17,"Deficiency"))>0,"Deficiency",IF((COUNTIF(S17,"On Hold")+COUNTIF(U17,"On Hold")+COUNTIF(W17,"On Hold")+COUNTIF(Y17,"On Hold")+COUNTIF(AA17,"On Hold")+COUNTIF(AC17,"On Hold")+COUNTIF(AE17,"On Hold")+COUNTIF(AG17,"On Hold")+COUNTIF(AI17,"On Hold"))>0,"On Hold",IF((COUNTIF(S17,"In Progress")+COUNTIF(U17,"In Progress")+COUNTIF(W17,"In Progress")+COUNTIF(Y17,"In Progress")+COUNTIF(AA17,"In Progress")+COUNTIF(AC17,"In Progress")+COUNTIF(AE17,"In Progress")+COUNTIF(AG17,"In Progress")+COUNTIF(AI17,"In Progress"))>0,"In Progress",IF((COUNTIF(S17,"Not Started")+COUNTIF(U17,"Not Started")+COUNTIF(W17,"Not Started")+COUNTIF(Y17,"Not Started")+COUNTIF(AA17,"Not Started")+COUNTIF(AC17,"Not Started")+COUNTIF(AE17,"Not Started")+COUNTIF(AG17,"Not Started")+COUNTIF(AI17,"Not Started"))=9,"Not Started","Complete")))) | AP17: =AK17 | AR17: =IF((COUNTIF(AM17,"Deficiency")+COUNTIF(AN17,"Deficiency")+COUNTIF(AO17,"Deficiency")+COUNTIF(AP17,"Deficiency"))>0,"Deficiency",IF((COUNTIF(AM17,"On Hold")+COUNTIF(AN17,"On Hold")+COUNTIF(AO17,"On Hold")+COUNTIF(AP17,"On Hold"))>0,"On Hold",IF((COUNTIF(AM17,"In Progress")+COUNTIF(AN17,"In Progress")+COUNTIF(AO17,"In Progress")+COUNTIF(AP17,"In Progress"))>0,"In Progress",IF((COUNTIF(AM17,"Not Started")+COUNTIF(AN17,"Not Started")+COUNTIF(AO17,"Not Started")+COUNTIF(AP17,"Not Started"))=4,"Not Started","Complete"))))
A18: 1 | B18: 112 | C18: Not Started | E18: Not Started | G18: Not Started | I18: Not Started | K18: Not Started | M18: Not Started | O18: Not Started | Q18: Not Started | S18: Not Started | U18: Not Started | W18: Not Started | Y18: Not Started | AA18: Not Started | AC18: Not Started | AE18: Not Started | AG18: Not Started | AI18: Not Started | AK18: Not Started | AM18: =IF((COUNTIF(C18,"Deficiency")+COUNTIF(E18,"Deficiency")+COUNTIF(G18,"Deficiency")+COUNTIF(I18,"Deficiency")+COUNTIF(K18,"Deficiency")+COUNTIF(M18,"Deficiency"))>0,"Deficiency",IF((COUNTIF(C18,"On Hold")+COUNTIF(E18,"On Hold")+COUNTIF(G18,"On Hold")+COUNTIF(I18,"On Hold")+COUNTIF(K18,"On Hold")+COUNTIF(M18,"On Hold"))>0,"On Hold",IF((COUNTIF(C18,"In Progress")+COUNTIF(E18,"In Progress")+COUNTIF(G18,"In Progress")+COUNTIF(I18,"In Progress")+COUNTIF(K18,"In Progress")+COUNTIF(M18,"In Progress"))>0,"In Progress",IF((COUNTIF(C18,"Not Started")+COUNTIF(E18,"Not Started")+COUNTIF(G18,"Not Started")+COUNTIF(I18,"Not Started")+COUNTIF(K18,"Not Started")+COUNTIF(M18,"Not Started"))=6,"Not Started","Complete")))) | AN18: =IF((COUNTIF(O18,"Deficiency")+COUNTIF(Q18,"Deficiency"))>0,"Deficiency",IF((COUNTIF(O18,"On Hold")+COUNTIF(Q18,"On Hold"))>0,"On Hold",IF((COUNTIF(O18,"In Progress")+COUNTIF(Q18,"In Progress"))>0,"In Progress",IF((COUNTIF(O18,"Not Started")+COUNTIF(Q18,"Not Started"))=2,"Not Started","Complete")))) | AO18: =IF((COUNTIF(S18,"Deficiency")+COUNTIF(U18,"Deficiency")+COUNTIF(W18,"Deficiency")+COUNTIF(Y18,"Deficiency")+COUNTIF(AA18,"Deficiency")+COUNTIF(AC18,"Deficiency")+COUNTIF(AE18,"Deficiency")+COUNTIF(AG18,"Deficiency")+COUNTIF(AI18,"Deficiency"))>0,"Deficiency",IF((COUNTIF(S18,"On Hold")+COUNTIF(U18,"On Hold")+COUNTIF(W18,"On Hold")+COUNTIF(Y18,"On Hold")+COUNTIF(AA18,"On Hold")+COUNTIF(AC18,"On Hold")+COUNTIF(AE18,"On Hold")+COUNTIF(AG18,"On Hold")+COUNTIF(AI18,"On Hold"))>0,"On Hold",IF((COUNTIF(S18,"In Progress")+COUNTIF(U18,"In Progress")+COUNTIF(W18,"In Progress")+COUNTIF(Y18,"In Progress")+COUNTIF(AA18,"In Progress")+COUNTIF(AC18,"In Progress")+COUNTIF(AE18,"In Progress")+COUNTIF(AG18,"In Progress")+COUNTIF(AI18,"In Progress"))>0,"In Progress",IF((COUNTIF(S18,"Not Started")+COUNTIF(U18,"Not Started")+COUNTIF(W18,"Not Started")+COUNTIF(Y18,"Not Started")+COUNTIF(AA18,"Not Started")+COUNTIF(AC18,"Not Started")+COUNTIF(AE18,"Not Started")+COUNTIF(AG18,"Not Started")+COUNTIF(AI18,"Not Started"))=9,"Not Started","Complete")))) | AP18: =AK18 | AR18: =IF((COUNTIF(AM18,"Deficiency")+COUNTIF(AN18,"Deficiency")+COUNTIF(AO18,"Deficiency")+COUNTIF(AP18,"Deficiency"))>0,"Deficiency",IF((COUNTIF(AM18,"On Hold")+COUNTIF(AN18,"On Hold")+COUNTIF(AO18,"On Hold")+COUNTIF(AP18,"On Hold"))>0,"On Hold",IF((COUNTIF(AM18,"In Progress")+COUNTIF(AN18,"In Progress")+COUNTIF(AO18,"In Progress")+COUNTIF(AP18,"In Progress"))>0,"In Progress",IF((COUNTIF(AM18,"Not Started")+COUNTIF(AN18,"Not Started")+COUNTIF(AO18,"Not Started")+COUNTIF(AP18,"Not Started"))=4,"Not Started","Complete"))))
... A42: 3 | B42: 312 | C42: Not Started | E42: Not Started | G42: Not Started | I42: Not Started | K42: Not Started | M42: Not Started | O42: Not Started | Q42: Not Started | S42: Not Started | U42: Not Started | W42: Not Started | Y42: Not Started | AA42: Not Started | AC42: Not Started | AE42: Not Started | AG42: Not Started | AI42: Not Started | AK42: Not Started | AM42: =IF((COUNTIF(C42,"Deficiency")+COUNTIF(E42,"Deficiency")+COUNTIF(G42,"Deficiency")+COUNTIF(I42,"Deficiency")+COUNTIF(K42,"Deficiency")+COUNTIF(M42,"Deficiency"))>0,"Deficiency",IF((COUNTIF(C42,"On Hold")+COUNTIF(E42,"On Hold")+COUNTIF(G42,"On Hold")+COUNTIF(I42,"On Hold")+COUNTIF(K42,"On Hold")+COUNTIF(M42,"On Hold"))>0,"On Hold",IF((COUNTIF(C42,"In Progress")+COUNTIF(E42,"In Progress")+COUNTIF(G42,"In Progress")+COUNTIF(I42,"In Progress")+COUNTIF(K42,"In Progress")+COUNTIF(M42,"In Progress"))>0,"In Progress",IF((COUNTIF(C42,"Not Started")+COUNTIF(E42,"Not Started")+COUNTIF(G42,"Not Started")+COUNTIF(I42,"Not Started")+COUNTIF(K42,"Not Started")+COUNTIF(M42,"Not Started"))=6,"Not Started","Complete")))) | AN42: =IF((COUNTIF(O42,"Deficiency")+COUNTIF(Q42,"Deficiency"))>0,"Deficiency",IF((COUNTIF(O42,"On Hold")+COUNTIF(Q42,"On Hold"))>0,"On Hold",IF((COUNTIF(O42,"In Progress")+COUNTIF(Q42,"In Progress"))>0,"In Progress",IF((COUNTIF(O42,"Not Started")+COUNTIF(Q42,"Not Started"))=2,"Not Started","Complete")))) | AO42: =IF((COUNTIF(S42,"Deficiency")+COUNTIF(U42,"Deficiency")+COUNTIF(W42,"Deficiency")+COUNTIF(Y42,"Deficiency")+COUNTIF(AA42,"Deficiency")+COUNTIF(AC42,"Deficiency")+COUNTIF(AE42,"Deficiency")+COUNTIF(AG42,"Deficiency")+COUNTIF(AI42,"Deficiency"))>0,"Deficiency",IF((COUNTIF(S42,"On Hold")+COUNTIF(U42,"On Hold")+COUNTIF(W42,"On Hold")+COUNTIF(Y42,"On Hold")+COUNTIF(AA42,"On Hold")+COUNTIF(AC42,"On Hold")+COUNTIF(AE42,"On Hold")+COUNTIF(AG42,"On Hold")+COUNTIF(AI42,"On Hold"))>0,"On Hold",IF((COUNTIF(S42,"In Progress")+COUNTIF(U42,"In Progress")+COUNTIF(W42,"In Progress")+COUNTIF(Y42,"In Progress")+COUNTIF(AA42,"In Progress")+COUNTIF(AC42,"In Progress")+COUNTIF(AE42,"In Progress")+COUNTIF(AG42,"In Progress")+COUNTIF(AI42,"In Progress"))>0,"In Progress",IF((COUNTIF(S42,"Not Started")+COUNTIF(U42,"Not Started")+COUNTIF(W42,"Not Started")+COUNTIF(Y42,"Not Started")+COUNTIF(AA42,"Not Started")+COUNTIF(AC42,"Not Started")+COUNTIF(AE42,"Not Started")+COUNTIF(AG42,"Not Started")+COUNTIF(AI42,"Not Started"))=9,"Not Started","Complete")))) | AP42: =AK42 | AR42: =IF((COUNTIF(AM42,"Deficiency")+COUNTIF(AN42,"Deficiency")+COUNTIF(AO42,"Deficiency")+COUNTIF(AP42,"Deficiency"))>0,"Deficiency",IF((COUNTIF(AM42,"On Hold")+COUNTIF(AN42,"On Hold")+COUNTIF(AO42,"On Hold")+COUNTIF(AP42,"On Hold"))>0,"On Hold",IF((COUNTIF(AM42,"In Progress")+COUNTIF(AN42,"In Progress")+COUNTIF(AO42,"In Progress")+COUNTIF(AP42,"In Progress"))>0,"In Progress",IF((COUNTIF(AM42,"Not Started")+COUNTIF(AN42,"Not Started")+COUNTIF(AO42,"Not Started")+COUNTIF(AP42,"Not Started"))=4,"Not Started","Complete"))))
